{
  "round_id": 139,
  "model_version": "v49",
  "round_start_time": 1784209038.3742678,
  "round_end_time": 1784209342.8678865,
  "clients_assigned": 1,
  "updates_received": 1,
  "updates_accepted": 1,
  "updates_rejected": 0,
  "aggregation_start_time": 1784209342.8564188,
  "aggregation_end_time": 1784209342.8678849,
  "round_duration_seconds": 304.49361872673035,
  "aggregation_time_seconds": 0.011466026306152344
}