{
  "round_id": 145,
  "model_version": "v49",
  "round_start_time": 1784209053.5466297,
  "round_end_time": 1784209357.9757311,
  "clients_assigned": 1,
  "updates_received": 1,
  "updates_accepted": 1,
  "updates_rejected": 0,
  "aggregation_start_time": 1784209357.9593918,
  "aggregation_end_time": 1784209357.9757283,
  "round_duration_seconds": 304.42910146713257,
  "aggregation_time_seconds": 0.016336441040039062
}