{
  "round_id": 64,
  "model_version": "v50",
  "round_start_time": 1784208747.8747272,
  "round_end_time": 1784208747.9181597,
  "clients_assigned": 2,
  "updates_received": 2,
  "updates_accepted": 2,
  "updates_rejected": 0,
  "aggregation_start_time": 1784208747.9108758,
  "aggregation_end_time": 1784208747.9181585,
  "round_duration_seconds": 0.04343247413635254,
  "aggregation_time_seconds": 0.007282733917236328
}