{
  "round_id": 228,
  "model_version": "v54",
  "round_start_time": 1784209439.7153509,
  "round_end_time": 1784209439.8132997,
  "clients_assigned": 2,
  "updates_received": 2,
  "updates_accepted": 2,
  "updates_rejected": 0,
  "aggregation_start_time": 1784209439.7824576,
  "aggregation_end_time": 1784209439.813291,
  "round_duration_seconds": 0.09794878959655762,
  "aggregation_time_seconds": 0.03083348274230957
}