{
  "round_id": 27,
  "model_version": "v29",
  "round_start_time": 1784208588.2423034,
  "round_end_time": 1784208588.259997,
  "clients_assigned": 2,
  "updates_received": 2,
  "updates_accepted": 2,
  "updates_rejected": 0,
  "aggregation_start_time": 1784208588.2558405,
  "aggregation_end_time": 1784208588.2599962,
  "round_duration_seconds": 0.017693519592285156,
  "aggregation_time_seconds": 0.004155635833740234
}