{
  "round_id": 92,
  "model_version": "v78",
  "round_start_time": 1784208891.1097145,
  "round_end_time": 1784208891.2184806,
  "clients_assigned": 2,
  "updates_received": 2,
  "updates_accepted": 2,
  "updates_rejected": 0,
  "aggregation_start_time": 1784208891.195144,
  "aggregation_end_time": 1784208891.2184777,
  "round_duration_seconds": 0.10876607894897461,
  "aggregation_time_seconds": 0.02333378791809082
}