{
  "round_id": 95,
  "model_version": "v81",
  "round_start_time": 1784208906.5903554,
  "round_end_time": 1784208906.6241193,
  "clients_assigned": 2,
  "updates_received": 2,
  "updates_accepted": 2,
  "updates_rejected": 0,
  "aggregation_start_time": 1784208906.6167817,
  "aggregation_end_time": 1784208906.624117,
  "round_duration_seconds": 0.033763885498046875,
  "aggregation_time_seconds": 0.007335186004638672
}