{
  "round_id": 159,
  "model_version": "v49",
  "round_start_time": 1784209090.957865,
  "round_end_time": 1784209394.9698207,
  "clients_assigned": 1,
  "updates_received": 1,
  "updates_accepted": 1,
  "updates_rejected": 0,
  "aggregation_start_time": 1784209394.964317,
  "aggregation_end_time": 1784209394.9698179,
  "round_duration_seconds": 304.0119557380676,
  "aggregation_time_seconds": 0.00550079345703125
}