{
  "round_id": 164,
  "model_version": "v49",
  "round_start_time": 1784209107.6337097,
  "round_end_time": 1784209411.9644244,
  "clients_assigned": 1,
  "updates_received": 1,
  "updates_accepted": 1,
  "updates_rejected": 0,
  "aggregation_start_time": 1784209411.9562428,
  "aggregation_end_time": 1784209411.9644225,
  "round_duration_seconds": 304.3307147026062,
  "aggregation_time_seconds": 0.008179664611816406
}