{
  "round_id": 252,
  "model_version": "v82",
  "round_start_time": 1784209578.9611673,
  "round_end_time": 1784209580.9227407,
  "clients_assigned": 2,
  "updates_received": 2,
  "updates_accepted": 2,
  "updates_rejected": 0,
  "aggregation_start_time": 1784209580.9157863,
  "aggregation_end_time": 1784209580.922739,
  "round_duration_seconds": 1.9615733623504639,
  "aggregation_time_seconds": 0.006952762603759766
}