{
  "round_id": 218,
  "model_version": "v50",
  "round_start_time": 1784209387.3023336,
  "round_end_time": 1784209387.327408,
  "clients_assigned": 2,
  "updates_received": 2,
  "updates_accepted": 2,
  "updates_rejected": 0,
  "aggregation_start_time": 1784209387.3198571,
  "aggregation_end_time": 1784209387.327407,
  "round_duration_seconds": 0.025074481964111328,
  "aggregation_time_seconds": 0.007549762725830078
}