{
  "round_id": 183,
  "model_version": "v64",
  "round_start_time": 1784209200.5789702,
  "round_end_time": 1784209200.625108,
  "clients_assigned": 2,
  "updates_received": 2,
  "updates_accepted": 2,
  "updates_rejected": 0,
  "aggregation_start_time": 1784209200.6103086,
  "aggregation_end_time": 1784209200.6251059,
  "round_duration_seconds": 0.04613780975341797,
  "aggregation_time_seconds": 0.014797210693359375
}