{
  "round_id": 141,
  "model_version": "v49",
  "round_start_time": 1784209043.4230049,
  "round_end_time": 1784209347.919499,
  "clients_assigned": 1,
  "updates_received": 1,
  "updates_accepted": 1,
  "updates_rejected": 0,
  "aggregation_start_time": 1784209347.8966415,
  "aggregation_end_time": 1784209347.9194956,
  "round_duration_seconds": 304.4964940547943,
  "aggregation_time_seconds": 0.022854089736938477
}