{
  "round_id": 220,
  "model_version": "v50",
  "round_start_time": 1784209397.3897865,
  "round_end_time": 1784209397.4586084,
  "clients_assigned": 2,
  "updates_received": 2,
  "updates_accepted": 2,
  "updates_rejected": 0,
  "aggregation_start_time": 1784209397.439222,
  "aggregation_end_time": 1784209397.4586048,
  "round_duration_seconds": 0.06882190704345703,
  "aggregation_time_seconds": 0.019382715225219727
}