{
  "round_id": 129,
  "model_version": "v48",
  "round_start_time": 1784209011.3982759,
  "round_end_time": 1784209315.8307128,
  "clients_assigned": 1,
  "updates_received": 1,
  "updates_accepted": 1,
  "updates_rejected": 0,
  "aggregation_start_time": 1784209315.817841,
  "aggregation_end_time": 1784209315.8307095,
  "round_duration_seconds": 304.4324369430542,
  "aggregation_time_seconds": 0.012868404388427734
}