{
  "round_id": 171,
  "model_version": "v52",
  "round_start_time": 1784209135.3264654,
  "round_end_time": 1784209135.3811255,
  "clients_assigned": 2,
  "updates_received": 2,
  "updates_accepted": 2,
  "updates_rejected": 0,
  "aggregation_start_time": 1784209135.3630295,
  "aggregation_end_time": 1784209135.3811238,
  "round_duration_seconds": 0.05466008186340332,
  "aggregation_time_seconds": 0.018094301223754883
}