{
  "round_id": 144,
  "model_version": "v49",
  "round_start_time": 1784209053.4056313,
  "round_end_time": 1784209357.9588296,
  "clients_assigned": 1,
  "updates_received": 1,
  "updates_accepted": 1,
  "updates_rejected": 0,
  "aggregation_start_time": 1784209357.9388807,
  "aggregation_end_time": 1784209357.9588277,
  "round_duration_seconds": 304.55319833755493,
  "aggregation_time_seconds": 0.019947052001953125
}