{
  "round_id": 18,
  "model_version": "v20",
  "round_start_time": 1784208540.2151291,
  "round_end_time": 1784208540.2623477,
  "clients_assigned": 2,
  "updates_received": 2,
  "updates_accepted": 2,
  "updates_rejected": 0,
  "aggregation_start_time": 1784208540.2576325,
  "aggregation_end_time": 1784208540.2623465,
  "round_duration_seconds": 0.04721856117248535,
  "aggregation_time_seconds": 0.004714012145996094
}