{
  "round_id": 196,
  "model_version": "v38",
  "round_start_time": 1784209270.5966833,
  "round_end_time": 1784209270.661432,
  "clients_assigned": 2,
  "updates_received": 2,
  "updates_accepted": 2,
  "updates_rejected": 0,
  "aggregation_start_time": 1784209270.6475286,
  "aggregation_end_time": 1784209270.6614296,
  "round_duration_seconds": 0.06474876403808594,
  "aggregation_time_seconds": 0.013900995254516602
}