{
  "round_id": 212,
  "model_version": "v50",
  "round_start_time": 1784209355.1822872,
  "round_end_time": 1784209355.2155128,
  "clients_assigned": 2,
  "updates_received": 2,
  "updates_accepted": 2,
  "updates_rejected": 0,
  "aggregation_start_time": 1784209355.2049625,
  "aggregation_end_time": 1784209355.2155101,
  "round_duration_seconds": 0.03322553634643555,
  "aggregation_time_seconds": 0.010547637939453125
}