{
  "round_id": 263,
  "model_version": "v91",
  "round_start_time": 1784209634.799816,
  "round_end_time": 1784209634.8377414,
  "clients_assigned": 2,
  "updates_received": 2,
  "updates_accepted": 2,
  "updates_rejected": 0,
  "aggregation_start_time": 1784209634.8303256,
  "aggregation_end_time": 1784209634.83774,
  "round_duration_seconds": 0.03792548179626465,
  "aggregation_time_seconds": 0.007414340972900391
}