{
  "round_id": 16,
  "model_version": "v18",
  "round_start_time": 1784208527.3953493,
  "round_end_time": 1784208527.4146678,
  "clients_assigned": 2,
  "updates_received": 2,
  "updates_accepted": 2,
  "updates_rejected": 0,
  "aggregation_start_time": 1784208527.4110587,
  "aggregation_end_time": 1784208527.414667,
  "round_duration_seconds": 0.019318580627441406,
  "aggregation_time_seconds": 0.003608226776123047
}