{
  "round_id": 83,
  "model_version": "v69",
  "round_start_time": 1784208845.5843341,
  "round_end_time": 1784208845.6227105,
  "clients_assigned": 2,
  "updates_received": 2,
  "updates_accepted": 2,
  "updates_rejected": 0,
  "aggregation_start_time": 1784208845.6163986,
  "aggregation_end_time": 1784208845.6227093,
  "round_duration_seconds": 0.0383763313293457,
  "aggregation_time_seconds": 0.006310701370239258
}