{
  "round_id": 230,
  "model_version": "v56",
  "round_start_time": 1784209452.243069,
  "round_end_time": 1784209452.2636037,
  "clients_assigned": 2,
  "updates_received": 2,
  "updates_accepted": 2,
  "updates_rejected": 0,
  "aggregation_start_time": 1784209452.258751,
  "aggregation_end_time": 1784209452.2636025,
  "round_duration_seconds": 0.020534753799438477,
  "aggregation_time_seconds": 0.004851579666137695
}