{
  "round_id": 78,
  "model_version": "v64",
  "round_start_time": 1784208820.2287698,
  "round_end_time": 1784208820.2692113,
  "clients_assigned": 2,
  "updates_received": 2,
  "updates_accepted": 2,
  "updates_rejected": 0,
  "aggregation_start_time": 1784208820.260232,
  "aggregation_end_time": 1784208820.2692096,
  "round_duration_seconds": 0.04044151306152344,
  "aggregation_time_seconds": 0.008977651596069336
}