{
  "round_id": 173,
  "model_version": "v54",
  "round_start_time": 1784209145.4880424,
  "round_end_time": 1784209145.5618303,
  "clients_assigned": 2,
  "updates_received": 2,
  "updates_accepted": 2,
  "updates_rejected": 0,
  "aggregation_start_time": 1784209145.5374157,
  "aggregation_end_time": 1784209145.5618274,
  "round_duration_seconds": 0.07378792762756348,
  "aggregation_time_seconds": 0.024411678314208984
}