{
  "round_id": 48,
  "model_version": "v46",
  "round_start_time": 1784208692.025577,
  "round_end_time": 1784208692.0451348,
  "clients_assigned": 2,
  "updates_received": 2,
  "updates_accepted": 2,
  "updates_rejected": 0,
  "aggregation_start_time": 1784208692.0410655,
  "aggregation_end_time": 1784208692.045134,
  "round_duration_seconds": 0.019557714462280273,
  "aggregation_time_seconds": 0.004068613052368164
}