{
  "round_id": 17,
  "model_version": "v19",
  "round_start_time": 1784208535.0725825,
  "round_end_time": 1784208535.2028685,
  "clients_assigned": 2,
  "updates_received": 2,
  "updates_accepted": 2,
  "updates_rejected": 0,
  "aggregation_start_time": 1784208535.1708295,
  "aggregation_end_time": 1784208535.202865,
  "round_duration_seconds": 0.13028597831726074,
  "aggregation_time_seconds": 0.03203535079956055
}