{
  "round_id": 15,
  "model_version": "v17",
  "round_start_time": 1784208522.336996,
  "round_end_time": 1784208522.3867853,
  "clients_assigned": 2,
  "updates_received": 2,
  "updates_accepted": 2,
  "updates_rejected": 0,
  "aggregation_start_time": 1784208522.3813853,
  "aggregation_end_time": 1784208522.3867831,
  "round_duration_seconds": 0.0497891902923584,
  "aggregation_time_seconds": 0.005397796630859375
}