{
  "round_id": 63,
  "model_version": "v49",
  "round_start_time": 1784208742.7791564,
  "round_end_time": 1784208742.8603687,
  "clients_assigned": 2,
  "updates_received": 2,
  "updates_accepted": 2,
  "updates_rejected": 0,
  "aggregation_start_time": 1784208742.8425367,
  "aggregation_end_time": 1784208742.8603654,
  "round_duration_seconds": 0.08121228218078613,
  "aggregation_time_seconds": 0.017828702926635742
}