{
  "round_id": 68,
  "model_version": "v54",
  "round_start_time": 1784208768.0881107,
  "round_end_time": 1784208768.1620739,
  "clients_assigned": 2,
  "updates_received": 2,
  "updates_accepted": 2,
  "updates_rejected": 0,
  "aggregation_start_time": 1784208768.1552908,
  "aggregation_end_time": 1784208768.162073,
  "round_duration_seconds": 0.07396316528320312,
  "aggregation_time_seconds": 0.006782054901123047
}