{
  "round_id": 100,
  "model_version": "v37",
  "round_start_time": 1784208933.4421453,
  "round_end_time": 1784209236.758931,
  "clients_assigned": 1,
  "updates_received": 1,
  "updates_accepted": 1,
  "updates_rejected": 0,
  "aggregation_start_time": 1784209236.745861,
  "aggregation_end_time": 1784209236.7589297,
  "round_duration_seconds": 303.31678557395935,
  "aggregation_time_seconds": 0.013068675994873047
}