{
  "round_id": 57,
  "model_version": "v48",
  "round_start_time": 1784208719.846935,
  "round_end_time": 1784209023.768966,
  "clients_assigned": 1,
  "updates_received": 1,
  "updates_accepted": 1,
  "updates_rejected": 0,
  "aggregation_start_time": 1784209023.7570512,
  "aggregation_end_time": 1784209023.7689638,
  "round_duration_seconds": 303.92203092575073,
  "aggregation_time_seconds": 0.01191258430480957
}