{
  "round_id": 197,
  "model_version": "v38",
  "round_start_time": 1784209275.6809072,
  "round_end_time": 1784209275.719817,
  "clients_assigned": 2,
  "updates_received": 2,
  "updates_accepted": 2,
  "updates_rejected": 0,
  "aggregation_start_time": 1784209275.7108934,
  "aggregation_end_time": 1784209275.719814,
  "round_duration_seconds": 0.0389096736907959,
  "aggregation_time_seconds": 0.008920669555664062
}