{
  "round_id": 153,
  "model_version": "v49",
  "round_start_time": 1784209075.7490935,
  "round_end_time": 1784209379.8833828,
  "clients_assigned": 1,
  "updates_received": 1,
  "updates_accepted": 1,
  "updates_rejected": 0,
  "aggregation_start_time": 1784209379.866954,
  "aggregation_end_time": 1784209379.883378,
  "round_duration_seconds": 304.13428926467896,
  "aggregation_time_seconds": 0.016423940658569336
}