{
  "round_id": 10,
  "model_version": "v12",
  "round_start_time": 1784208494.5812895,
  "round_end_time": 1784208494.6061864,
  "clients_assigned": 2,
  "updates_received": 2,
  "updates_accepted": 2,
  "updates_rejected": 0,
  "aggregation_start_time": 1784208494.6027963,
  "aggregation_end_time": 1784208494.6061854,
  "round_duration_seconds": 0.024896860122680664,
  "aggregation_time_seconds": 0.003389120101928711
}