{
  "round_id": 53,
  "model_version": "v48",
  "round_start_time": 1784208709.7860725,
  "round_end_time": 1784209013.7054849,
  "clients_assigned": 1,
  "updates_received": 1,
  "updates_accepted": 1,
  "updates_rejected": 0,
  "aggregation_start_time": 1784209013.6909657,
  "aggregation_end_time": 1784209013.7054825,
  "round_duration_seconds": 303.91941237449646,
  "aggregation_time_seconds": 0.014516830444335938
}