{
  "round_id": 158,
  "model_version": "v49",
  "round_start_time": 1784209090.7001104,
  "round_end_time": 1784209394.9631364,
  "clients_assigned": 1,
  "updates_received": 1,
  "updates_accepted": 1,
  "updates_rejected": 0,
  "aggregation_start_time": 1784209394.9577172,
  "aggregation_end_time": 1784209394.9631352,
  "round_duration_seconds": 304.2630259990692,
  "aggregation_time_seconds": 0.005418062210083008
}