{
  "round_id": 281,
  "model_version": "v101",
  "round_start_time": 1784209709.4458766,
  "round_end_time": 1784209709.4778645,
  "clients_assigned": 2,
  "updates_received": 2,
  "updates_accepted": 2,
  "updates_rejected": 0,
  "aggregation_start_time": 1784209709.4690359,
  "aggregation_end_time": 1784209709.4778633,
  "round_duration_seconds": 0.031987905502319336,
  "aggregation_time_seconds": 0.008827447891235352
}