{
  "round_id": 42,
  "model_version": "v40",
  "round_start_time": 1784208659.154785,
  "round_end_time": 1784208659.2107425,
  "clients_assigned": 2,
  "updates_received": 2,
  "updates_accepted": 2,
  "updates_rejected": 0,
  "aggregation_start_time": 1784208659.201157,
  "aggregation_end_time": 1784208659.2107406,
  "round_duration_seconds": 0.05595755577087402,
  "aggregation_time_seconds": 0.009583473205566406
}