{
  "round_id": 187,
  "model_version": "v68",
  "round_start_time": 1784209220.9055178,
  "round_end_time": 1784209220.9992247,
  "clients_assigned": 2,
  "updates_received": 2,
  "updates_accepted": 2,
  "updates_rejected": 0,
  "aggregation_start_time": 1784209220.9716487,
  "aggregation_end_time": 1784209220.9992218,
  "round_duration_seconds": 0.09370684623718262,
  "aggregation_time_seconds": 0.027573108673095703
}