{
  "round_id": 55,
  "model_version": "v48",
  "round_start_time": 1784208714.8204262,
  "round_end_time": 1784209018.743681,
  "clients_assigned": 1,
  "updates_received": 1,
  "updates_accepted": 1,
  "updates_rejected": 0,
  "aggregation_start_time": 1784209018.7291164,
  "aggregation_end_time": 1784209018.743679,
  "round_duration_seconds": 303.92325472831726,
  "aggregation_time_seconds": 0.014562606811523438
}