{
  "round_id": 185,
  "model_version": "v66",
  "round_start_time": 1784209210.7259219,
  "round_end_time": 1784209210.8010325,
  "clients_assigned": 2,
  "updates_received": 2,
  "updates_accepted": 2,
  "updates_rejected": 0,
  "aggregation_start_time": 1784209210.779575,
  "aggregation_end_time": 1784209210.8010309,
  "round_duration_seconds": 0.07511067390441895,
  "aggregation_time_seconds": 0.021455764770507812
}