{
  "round_id": 280,
  "model_version": "v100",
  "round_start_time": 1784209704.3560896,
  "round_end_time": 1784209704.4350646,
  "clients_assigned": 2,
  "updates_received": 2,
  "updates_accepted": 2,
  "updates_rejected": 0,
  "aggregation_start_time": 1784209704.4176342,
  "aggregation_end_time": 1784209704.4350636,
  "round_duration_seconds": 0.07897496223449707,
  "aggregation_time_seconds": 0.017429351806640625
}