{
  "round_id": 84,
  "model_version": "v70",
  "round_start_time": 1784208850.6293359,
  "round_end_time": 1784208850.6496017,
  "clients_assigned": 2,
  "updates_received": 2,
  "updates_accepted": 2,
  "updates_rejected": 0,
  "aggregation_start_time": 1784208850.643924,
  "aggregation_end_time": 1784208850.6496007,
  "round_duration_seconds": 0.020265817642211914,
  "aggregation_time_seconds": 0.005676746368408203
}