{
  "round_id": 40,
  "model_version": "v38",
  "round_start_time": 1784208649.1017802,
  "round_end_time": 1784208649.1195486,
  "clients_assigned": 2,
  "updates_received": 2,
  "updates_accepted": 2,
  "updates_rejected": 0,
  "aggregation_start_time": 1784208649.1151142,
  "aggregation_end_time": 1784208649.1195462,
  "round_duration_seconds": 0.017768383026123047,
  "aggregation_time_seconds": 0.004431962966918945
}