{
  "round_id": 260,
  "model_version": "v90",
  "round_start_time": 1784209624.6964672,
  "round_end_time": 1784209624.7623634,
  "clients_assigned": 2,
  "updates_received": 2,
  "updates_accepted": 2,
  "updates_rejected": 0,
  "aggregation_start_time": 1784209624.7484982,
  "aggregation_end_time": 1784209624.7623608,
  "round_duration_seconds": 0.06589627265930176,
  "aggregation_time_seconds": 0.01386260986328125
}