{
  "round_id": 273,
  "model_version": "v93",
  "round_start_time": 1784209666.8342266,
  "round_end_time": 1784209666.8755867,
  "clients_assigned": 2,
  "updates_received": 2,
  "updates_accepted": 2,
  "updates_rejected": 0,
  "aggregation_start_time": 1784209666.8656223,
  "aggregation_end_time": 1784209666.8755848,
  "round_duration_seconds": 0.04136013984680176,
  "aggregation_time_seconds": 0.00996255874633789
}