{
  "round_id": 200,
  "model_version": "v40",
  "round_start_time": 1784209290.849849,
  "round_end_time": 1784209290.886233,
  "clients_assigned": 2,
  "updates_received": 2,
  "updates_accepted": 2,
  "updates_rejected": 0,
  "aggregation_start_time": 1784209290.8778315,
  "aggregation_end_time": 1784209290.8862324,
  "round_duration_seconds": 0.03638410568237305,
  "aggregation_time_seconds": 0.008400917053222656
}