{
  "round_id": 88,
  "model_version": "v74",
  "round_start_time": 1784208870.7841647,
  "round_end_time": 1784208870.828974,
  "clients_assigned": 2,
  "updates_received": 2,
  "updates_accepted": 2,
  "updates_rejected": 0,
  "aggregation_start_time": 1784208870.8168073,
  "aggregation_end_time": 1784208870.8289723,
  "round_duration_seconds": 0.04480934143066406,
  "aggregation_time_seconds": 0.012165069580078125
}