{
  "round_id": 41,
  "model_version": "v39",
  "round_start_time": 1784208654.125866,
  "round_end_time": 1784208654.1463482,
  "clients_assigned": 2,
  "updates_received": 2,
  "updates_accepted": 2,
  "updates_rejected": 0,
  "aggregation_start_time": 1784208654.142032,
  "aggregation_end_time": 1784208654.1463473,
  "round_duration_seconds": 0.020482301712036133,
  "aggregation_time_seconds": 0.004315376281738281
}