{
  "round_id": 174,
  "model_version": "v55",
  "round_start_time": 1784209150.584815,
  "round_end_time": 1784209150.6500242,
  "clients_assigned": 2,
  "updates_received": 2,
  "updates_accepted": 2,
  "updates_rejected": 0,
  "aggregation_start_time": 1784209150.6313188,
  "aggregation_end_time": 1784209150.6500218,
  "round_duration_seconds": 0.06520915031433105,
  "aggregation_time_seconds": 0.018702983856201172
}