{
  "round_id": 216,
  "model_version": "v50",
  "round_start_time": 1784209377.2152362,
  "round_end_time": 1784209377.2520454,
  "clients_assigned": 2,
  "updates_received": 2,
  "updates_accepted": 2,
  "updates_rejected": 0,
  "aggregation_start_time": 1784209377.2424867,
  "aggregation_end_time": 1784209377.2520435,
  "round_duration_seconds": 0.03680920600891113,
  "aggregation_time_seconds": 0.009556770324707031
}