{
  "round_id": 165,
  "model_version": "v49",
  "round_start_time": 1784209107.8274624,
  "round_end_time": 1784209411.9732828,
  "clients_assigned": 1,
  "updates_received": 1,
  "updates_accepted": 1,
  "updates_rejected": 0,
  "aggregation_start_time": 1784209411.9652364,
  "aggregation_end_time": 1784209411.9732797,
  "round_duration_seconds": 304.1458203792572,
  "aggregation_time_seconds": 0.008043289184570312
}