{
  "round_id": 39,
  "model_version": "v37",
  "round_start_time": 1784208644.0209677,
  "round_end_time": 1784208644.08965,
  "clients_assigned": 2,
  "updates_received": 2,
  "updates_accepted": 2,
  "updates_rejected": 0,
  "aggregation_start_time": 1784208644.0652103,
  "aggregation_end_time": 1784208644.089645,
  "round_duration_seconds": 0.06868219375610352,
  "aggregation_time_seconds": 0.024434566497802734
}