{
  "round_id": 234,
  "model_version": "v60",
  "round_start_time": 1784209472.5038335,
  "round_end_time": 1784209472.5294423,
  "clients_assigned": 2,
  "updates_received": 2,
  "updates_accepted": 2,
  "updates_rejected": 0,
  "aggregation_start_time": 1784209472.5251608,
  "aggregation_end_time": 1784209472.529441,
  "round_duration_seconds": 0.02560877799987793,
  "aggregation_time_seconds": 0.0042803287506103516
}