{
  "round_id": 65,
  "model_version": "v51",
  "round_start_time": 1784208752.925075,
  "round_end_time": 1784208752.9477913,
  "clients_assigned": 2,
  "updates_received": 2,
  "updates_accepted": 2,
  "updates_rejected": 0,
  "aggregation_start_time": 1784208752.9414136,
  "aggregation_end_time": 1784208752.94779,
  "round_duration_seconds": 0.022716283798217773,
  "aggregation_time_seconds": 0.0063762664794921875
}