{
  "round_id": 221,
  "model_version": "v50",
  "round_start_time": 1784209404.436638,
  "round_end_time": 1784209404.4701223,
  "clients_assigned": 2,
  "updates_received": 2,
  "updates_accepted": 2,
  "updates_rejected": 0,
  "aggregation_start_time": 1784209404.462465,
  "aggregation_end_time": 1784209404.4701211,
  "round_duration_seconds": 0.03348422050476074,
  "aggregation_time_seconds": 0.007656097412109375
}