{
  "round_id": 73,
  "model_version": "v59",
  "round_start_time": 1784208793.4232125,
  "round_end_time": 1784208793.4590368,
  "clients_assigned": 2,
  "updates_received": 2,
  "updates_accepted": 2,
  "updates_rejected": 0,
  "aggregation_start_time": 1784208793.4521644,
  "aggregation_end_time": 1784208793.4590359,
  "round_duration_seconds": 0.03582429885864258,
  "aggregation_time_seconds": 0.006871461868286133
}