{
  "round_id": 154,
  "model_version": "v49",
  "round_start_time": 1784209080.603059,
  "round_end_time": 1784209384.9087007,
  "clients_assigned": 1,
  "updates_received": 1,
  "updates_accepted": 1,
  "updates_rejected": 0,
  "aggregation_start_time": 1784209384.8895411,
  "aggregation_end_time": 1784209384.9086983,
  "round_duration_seconds": 304.30564165115356,
  "aggregation_time_seconds": 0.01915717124938965
}