{
  "round_id": 80,
  "model_version": "v66",
  "round_start_time": 1784208830.3452544,
  "round_end_time": 1784208830.4712343,
  "clients_assigned": 2,
  "updates_received": 2,
  "updates_accepted": 2,
  "updates_rejected": 0,
  "aggregation_start_time": 1784208830.4426665,
  "aggregation_end_time": 1784208830.4712312,
  "round_duration_seconds": 0.12597990036010742,
  "aggregation_time_seconds": 0.0285646915435791
}