{
  "round_id": 256,
  "model_version": "v86",
  "round_start_time": 1784209602.869905,
  "round_end_time": 1784209602.9006057,
  "clients_assigned": 2,
  "updates_received": 2,
  "updates_accepted": 2,
  "updates_rejected": 0,
  "aggregation_start_time": 1784209602.8924055,
  "aggregation_end_time": 1784209602.900604,
  "round_duration_seconds": 0.03070068359375,
  "aggregation_time_seconds": 0.00819849967956543
}