{
  "round_id": 93,
  "model_version": "v79",
  "round_start_time": 1784208896.3130305,
  "round_end_time": 1784208896.4419415,
  "clients_assigned": 2,
  "updates_received": 2,
  "updates_accepted": 2,
  "updates_rejected": 0,
  "aggregation_start_time": 1784208896.4147413,
  "aggregation_end_time": 1784208896.441938,
  "round_duration_seconds": 0.12891101837158203,
  "aggregation_time_seconds": 0.027196645736694336
}