{
  "round_id": 134,
  "model_version": "v49",
  "round_start_time": 1784209028.1972005,
  "round_end_time": 1784209330.9454572,
  "clients_assigned": 1,
  "updates_received": 1,
  "updates_accepted": 1,
  "updates_rejected": 0,
  "aggregation_start_time": 1784209330.8911598,
  "aggregation_end_time": 1784209330.9454553,
  "round_duration_seconds": 302.7482566833496,
  "aggregation_time_seconds": 0.05429553985595703
}