{
  "round_id": 45,
  "model_version": "v43",
  "round_start_time": 1784208676.9181056,
  "round_end_time": 1784208676.946861,
  "clients_assigned": 2,
  "updates_received": 2,
  "updates_accepted": 2,
  "updates_rejected": 0,
  "aggregation_start_time": 1784208676.940403,
  "aggregation_end_time": 1784208676.94686,
  "round_duration_seconds": 0.02875542640686035,
  "aggregation_time_seconds": 0.006457090377807617
}