{
  "round_id": 21,
  "model_version": "v23",
  "round_start_time": 1784208555.3269336,
  "round_end_time": 1784208555.3525028,
  "clients_assigned": 2,
  "updates_received": 2,
  "updates_accepted": 2,
  "updates_rejected": 0,
  "aggregation_start_time": 1784208555.348383,
  "aggregation_end_time": 1784208555.352502,
  "round_duration_seconds": 0.02556920051574707,
  "aggregation_time_seconds": 0.004119157791137695
}