{
  "round_id": 119,
  "model_version": "v38",
  "round_start_time": 1784208984.5568829,
  "round_end_time": 1784208984.668764,
  "clients_assigned": 2,
  "updates_received": 2,
  "updates_accepted": 2,
  "updates_rejected": 0,
  "aggregation_start_time": 1784208984.6485274,
  "aggregation_end_time": 1784208984.6687622,
  "round_duration_seconds": 0.11188125610351562,
  "aggregation_time_seconds": 0.02023482322692871
}