{
  "round_id": 77,
  "model_version": "v63",
  "round_start_time": 1784208815.1308694,
  "round_end_time": 1784208815.2134542,
  "clients_assigned": 2,
  "updates_received": 2,
  "updates_accepted": 2,
  "updates_rejected": 0,
  "aggregation_start_time": 1784208815.1872904,
  "aggregation_end_time": 1784208815.2134519,
  "round_duration_seconds": 0.08258485794067383,
  "aggregation_time_seconds": 0.02616143226623535
}