{
  "round_id": 206,
  "model_version": "v50",
  "round_start_time": 1784209323.048092,
  "round_end_time": 1784209323.0954554,
  "clients_assigned": 2,
  "updates_received": 2,
  "updates_accepted": 2,
  "updates_rejected": 0,
  "aggregation_start_time": 1784209323.0752962,
  "aggregation_end_time": 1784209323.0954518,
  "round_duration_seconds": 0.0473635196685791,
  "aggregation_time_seconds": 0.020155668258666992
}