{
  "round_id": 106,
  "model_version": "v37",
  "round_start_time": 1784208949.1355119,
  "round_end_time": 1784209251.8476396,
  "clients_assigned": 1,
  "updates_received": 1,
  "updates_accepted": 1,
  "updates_rejected": 0,
  "aggregation_start_time": 1784209251.8354034,
  "aggregation_end_time": 1784209251.8476381,
  "round_duration_seconds": 302.7121276855469,
  "aggregation_time_seconds": 0.012234687805175781
}