{
  "round_id": 66,
  "model_version": "v52",
  "round_start_time": 1784208757.964955,
  "round_end_time": 1784208758.0318058,
  "clients_assigned": 2,
  "updates_received": 2,
  "updates_accepted": 2,
  "updates_rejected": 0,
  "aggregation_start_time": 1784208758.0217395,
  "aggregation_end_time": 1784208758.0318017,
  "round_duration_seconds": 0.06685066223144531,
  "aggregation_time_seconds": 0.010062217712402344
}