{
  "round_id": 91,
  "model_version": "v77",
  "round_start_time": 1784208886.0131876,
  "round_end_time": 1784208886.078027,
  "clients_assigned": 2,
  "updates_received": 2,
  "updates_accepted": 2,
  "updates_rejected": 0,
  "aggregation_start_time": 1784208886.0626159,
  "aggregation_end_time": 1784208886.0780249,
  "round_duration_seconds": 0.06483936309814453,
  "aggregation_time_seconds": 0.015408992767333984
}