{
  "round_id": 2,
  "model_version": "v4",
  "round_start_time": 1784208451.6851375,
  "round_end_time": 1784208451.7053132,
  "clients_assigned": 2,
  "updates_received": 2,
  "updates_accepted": 2,
  "updates_rejected": 0,
  "aggregation_start_time": 1784208451.7010627,
  "aggregation_end_time": 1784208451.7053118,
  "round_duration_seconds": 0.020175695419311523,
  "aggregation_time_seconds": 0.004249095916748047
}