{
  "round_id": 152,
  "model_version": "v49",
  "round_start_time": 1784209075.5591185,
  "round_end_time": 1784209379.8662572,
  "clients_assigned": 1,
  "updates_received": 1,
  "updates_accepted": 1,
  "updates_rejected": 0,
  "aggregation_start_time": 1784209379.8560152,
  "aggregation_end_time": 1784209379.8662555,
  "round_duration_seconds": 304.30713868141174,
  "aggregation_time_seconds": 0.010240316390991211
}