{
  "round_id": 222,
  "model_version": "v50",
  "round_start_time": 1784209409.4782567,
  "round_end_time": 1784209409.5162146,
  "clients_assigned": 2,
  "updates_received": 2,
  "updates_accepted": 2,
  "updates_rejected": 0,
  "aggregation_start_time": 1784209409.5098681,
  "aggregation_end_time": 1784209409.5162125,
  "round_duration_seconds": 0.03795790672302246,
  "aggregation_time_seconds": 0.006344318389892578
}