{
  "round_id": 70,
  "model_version": "v56",
  "round_start_time": 1784208778.2169342,
  "round_end_time": 1784208778.2718964,
  "clients_assigned": 2,
  "updates_received": 2,
  "updates_accepted": 2,
  "updates_rejected": 0,
  "aggregation_start_time": 1784208778.2611446,
  "aggregation_end_time": 1784208778.271895,
  "round_duration_seconds": 0.054962158203125,
  "aggregation_time_seconds": 0.010750293731689453
}