{
  "round_id": 8,
  "model_version": "v10",
  "round_start_time": 1784208484.4659104,
  "round_end_time": 1784208484.526219,
  "clients_assigned": 2,
  "updates_received": 2,
  "updates_accepted": 2,
  "updates_rejected": 0,
  "aggregation_start_time": 1784208484.5129416,
  "aggregation_end_time": 1784208484.5262153,
  "round_duration_seconds": 0.06030845642089844,
  "aggregation_time_seconds": 0.01327371597290039
}