{
  "round_id": 209,
  "model_version": "v50",
  "round_start_time": 1784209340.019006,
  "round_end_time": 1784209340.0568366,
  "clients_assigned": 2,
  "updates_received": 2,
  "updates_accepted": 2,
  "updates_rejected": 0,
  "aggregation_start_time": 1784209340.0483158,
  "aggregation_end_time": 1784209340.0568354,
  "round_duration_seconds": 0.03783059120178223,
  "aggregation_time_seconds": 0.008519649505615234
}