{
  "round_id": 223,
  "model_version": "v50",
  "round_start_time": 1784209414.5267756,
  "round_end_time": 1784209414.5586038,
  "clients_assigned": 2,
  "updates_received": 2,
  "updates_accepted": 2,
  "updates_rejected": 0,
  "aggregation_start_time": 1784209414.5520434,
  "aggregation_end_time": 1784209414.5586028,
  "round_duration_seconds": 0.03182816505432129,
  "aggregation_time_seconds": 0.0065593719482421875
}