{
  "round_id": 208,
  "model_version": "v50",
  "round_start_time": 1784209334.9714456,
  "round_end_time": 1784209335.0078528,
  "clients_assigned": 2,
  "updates_received": 2,
  "updates_accepted": 2,
  "updates_rejected": 0,
  "aggregation_start_time": 1784209334.9969215,
  "aggregation_end_time": 1784209335.0078511,
  "round_duration_seconds": 0.0364072322845459,
  "aggregation_time_seconds": 0.010929584503173828
}