{
  "round_id": 274,
  "model_version": "v94",
  "round_start_time": 1784209671.8942559,
  "round_end_time": 1784209671.9342778,
  "clients_assigned": 2,
  "updates_received": 2,
  "updates_accepted": 2,
  "updates_rejected": 0,
  "aggregation_start_time": 1784209671.92426,
  "aggregation_end_time": 1784209671.9342768,
  "round_duration_seconds": 0.04002189636230469,
  "aggregation_time_seconds": 0.010016918182373047
}