{
  "round_id": 225,
  "model_version": "v51",
  "round_start_time": 1784209424.594591,
  "round_end_time": 1784209424.6234608,
  "clients_assigned": 2,
  "updates_received": 2,
  "updates_accepted": 2,
  "updates_rejected": 0,
  "aggregation_start_time": 1784209424.6156428,
  "aggregation_end_time": 1784209424.6234598,
  "round_duration_seconds": 0.0288698673248291,
  "aggregation_time_seconds": 0.00781702995300293
}