{
  "round_id": 250,
  "model_version": "v64",
  "round_start_time": 1784209526.6124666,
  "round_end_time": 1784209526.6476634,
  "clients_assigned": 2,
  "updates_received": 2,
  "updates_accepted": 2,
  "updates_rejected": 0,
  "aggregation_start_time": 1784209526.6375968,
  "aggregation_end_time": 1784209526.647662,
  "round_duration_seconds": 0.035196781158447266,
  "aggregation_time_seconds": 0.010065078735351562
}