{
  "round_id": 215,
  "model_version": "v50",
  "round_start_time": 1784209372.148341,
  "round_end_time": 1784209372.1832242,
  "clients_assigned": 2,
  "updates_received": 2,
  "updates_accepted": 2,
  "updates_rejected": 0,
  "aggregation_start_time": 1784209372.1724677,
  "aggregation_end_time": 1784209372.1832225,
  "round_duration_seconds": 0.03488326072692871,
  "aggregation_time_seconds": 0.010754823684692383
}