{
  "round_id": 116,
  "model_version": "v37",
  "round_start_time": 1784208974.3940263,
  "round_end_time": 1784208974.5291648,
  "clients_assigned": 2,
  "updates_received": 2,
  "updates_accepted": 2,
  "updates_rejected": 0,
  "aggregation_start_time": 1784208974.5045033,
  "aggregation_end_time": 1784208974.5291634,
  "round_duration_seconds": 0.13513851165771484,
  "aggregation_time_seconds": 0.024660110473632812
}